ipAddressId,address
1,101.37.174.75
2,243.162.50.43
3,133.198.156.5
4,133.198.156.6
5,133.198.156.7
6,133.198.156.8
7,33.91.127.223
8,195.188.43.182
9,72.160.1.127
10,199.44.52.5
11,155.215.120.214
12,199.231.127.16
13,199.231.127.17
14,199.231.127.18
15,199.231.127.19
16,50.186.166.29
17,241.35.176.246
18,63.129.84.25
19,133.214.233.6
20,75.55.81.251
21,61.189.227.97
22,34.12.66.72
23,139.207.222.39
24,235.96.81.43
25,120.81.160.131
26,42.58.139.87
27,161.115.13.234
28,123.168.84.162
29,2.238.236.186
30,2.238.236.187
31,2.238.236.188
32,2.238.236.189
33,22.231.125.34
34,51.47.122.180
35,16.129.236.37
36,160.227.125.239
37,230.198.93.117
38,224.66.87.17
39,237.17.123.33
40,159.106.115.98
41,189.204.241.176
42,70.161.66.15
43,218.252.159.50
44,193.127.239.19
45,210.97.236.113
46,194.146.110.144
47,208.54.37.58
48,59.146.136.204
49,72.148.188.249
50,123.59.244.205
51,40.112.124.94
52,97.184.66.51
53,14.79.95.223
54,136.24.17.112
55,12.213.27.177
56,222.65.45.114
57,48.102.29.192
58,51.49.92.51
59,209.255.88.64
60,193.108.79.224
61,195.119.94.96
62,54.198.113.41
63,43.205.223.143
64,205.168.159.115
65,219.8.210.108
66,12.21.98.210
67,27.112.158.249
68,246.51.2.226
69,140.186.183.65
70,204.39.82.152
71,187.24.225.33
72,164.231.88.82
73,160.206.30.151
74,66.220.201.24
75,124.182.186.182
76,125.20.59.29
77,115.226.228.22
78,137.249.180.151
79,143.30.217.105
80,92.177.144.216
81,154.43.233.187
82,57.158.167.199
83,150.84.38.35
84,223.113.137.31
85,129.42.246.203
86,102.246.107.50
87,14.194.148.232
88,107.24.134.147
89,148.182.187.25
90,47.117.255.8
91,140.53.226.88
92,86.37.244.208
93,38.38.254.141
94,19.166.185.18
95,137.138.62.27
96,219.215.23.8
97,15.250.123.170
98,35.42.26.101
99,186.168.99.84
100,179.19.54.255
101,174.9.170.69
102,255.225.99.189
103,144.164.175.110
104,247.19.46.94
105,190.186.164.174
106,29.62.83.162
107,239.161.223.130
108,213.160.218.150
109,53.38.208.167
110,192.244.162.212
111,125.186.228.247
112,117.27.212.10
113,139.227.176.100
114,158.195.29.66
115,125.43.142.80
116,251.142.118.162
117,13.251.243.140
118,107.36.53.169
119,101.7.179.250
120,151.128.197.39
121,42.130.137.194
122,178.226.241.163
123,163.240.1.131
124,253.75.193.81
125,230.96.164.39
126,218.140.2.235
127,66.241.101.8
128,27.215.71.150
129,192.54.162.135
130,213.71.217.250
131,181.20.168.229
132,152.145.204.236
133,83.195.39.63
134,115.104.22.32
135,59.74.111.105
136,139.104.147.25
137,75.111.106.145
138,55.238.98.193
139,47.70.132.177
140,83.18.132.84
141,71.99.42.233
142,212.228.171.86
143,85.135.198.202
144,81.79.52.51
145,74.88.133.133
146,253.112.190.4
147,131.161.93.251
148,165.160.176.169
149,151.106.192.11
150,216.39.63.193
151,165.95.27.225
152,73.42.187.184
153,239.234.28.225
154,245.86.127.99
155,52.22.126.222
156,109.106.229.8
157,225.15.186.24
158,18.220.87.254
159,73.6.207.48
160,52.89.186.25
161,155.49.100.248
162,170.116.107.124
163,239.56.155.50
164,70.93.192.173
165,247.225.91.175
166,130.176.107.108
167,10.93.212.228
168,153.142.165.64
169,58.190.219.73
170,121.36.99.113
171,117.187.248.143
172,237.209.138.147
173,118.233.94.72
174,211.144.137.225
175,61.82.229.230
176,16.72.118.206
177,60.19.82.243
178,243.40.71.93
179,172.8.77.237
180,245.131.95.53
181,181.50.218.49
182,78.31.18.175
183,67.204.43.20
184,18.183.148.107
185,62.215.80.193
186,144.126.38.57
187,238.110.91.23
188,2.220.197.235
189,20.150.212.216
190,205.230.44.44
191,168.84.229.213
192,208.5.216.124
193,169.230.198.192
194,167.40.189.45
195,35.143.160.115
196,170.10.198.43
197,196.229.114.202
198,79.32.210.82
199,48.77.11.95
200,34.125.169.209
201,239.250.253.221
202,196.204.98.140
203,232.222.5.100
204,69.156.140.52
205,142.77.29.58
206,158.239.246.83
207,239.41.146.75
208,44.48.215.97
209,103.186.31.19
210,59.140.115.117
211,111.179.219.216
212,52.41.16.77
213,77.241.49.248
214,14.207.210.190
215,139.38.76.174
216,17.167.14.21
217,209.186.131.167
218,46.42.100.47
219,216.134.31.100
220,124.55.252.134
221,41.189.105.206
222,176.33.12.236
223,70.53.101.46
224,149.178.224.218
225,29.65.29.154
226,113.167.208.148
227,162.247.81.177
228,134.159.60.252
229,5.236.37.137
230,29.221.147.15
231,29.221.147.16
232,29.221.147.17
233,29.221.147.18
234,170.141.151.111
235,144.144.252.18
236,129.217.216.3
237,183.116.204.176
238,240.251.232.0
239,134.115.144.183
240,108.115.7.244
241,222.96.0.69
242,188.82.92.232
243,46.134.111.157
244,17.170.153.152
245,160.221.247.103
246,210.193.25.55
247,210.193.25.56
248,210.193.25.57
249,125.42.199.193
250,125.42.199.194
251,170.73.240.36
252,211.8.44.157
253,9.192.112.4
254,175.180.24.169
255,161.216.175.170
256,176.232.201.41
257,3.184.36.144
258,51.134.183.164
259,41.13.181.48
260,92.195.241.143
261,43.238.26.237
262,176.65.4.38
263,219.97.245.116
264,219.97.245.117
265,219.97.245.118
266,246.88.70.229
267,246.88.70.230
268,203.248.198.141
269,138.127.11.128
270,99.194.71.32
271,222.167.167.43
272,185.50.75.186
273,7.240.64.243
274,213.199.200.28
275,211.6.192.145
276,5.46.227.166
277,5.46.227.167
278,5.46.227.168
279,5.46.227.169
280,75.52.208.182
281,151.196.228.163
282,118.249.243.177
283,202.242.91.99
284,126.104.70.60
285,193.250.194.86
286,81.222.159.247
287,57.107.72.171
288,57.107.72.172
289,57.107.72.173
290,57.107.72.174
291,57.107.72.175
292,76.107.108.146
293,143.112.72.245
294,82.94.187.236
295,78.189.244.187
296,51.183.18.61
297,170.46.3.164
298,38.222.123.237
299,64.0.167.12
300,184.104.138.128
301,74.134.98.1
302,38.59.206.106
303,54.119.148.191
304,51.219.169.246
305,5.4.190.250
306,70.225.22.106
307,229.123.59.182
308,229.123.59.183
309,229.123.59.184
310,229.123.59.185
311,46.117.18.179
312,46.117.18.180
313,46.117.18.181
314,46.117.18.182
315,22.236.156.7
316,131.6.158.32
317,16.22.73.183
318,47.43.149.67
319,56.205.177.201
320,51.133.239.110
321,66.156.105.206
322,127.158.155.25
323,127.158.155.26
324,127.158.155.27
325,76.129.22.3
326,76.129.22.4
327,65.176.36.116
328,250.96.187.83
329,65.24.225.161
330,124.144.104.140
331,161.90.182.24
332,198.72.115.5
333,88.57.83.172
334,217.185.209.63
335,13.188.234.179
336,103.20.205.198
337,98.198.208.16
338,98.198.208.17
339,98.198.208.18
340,247.102.11.221
341,204.14.20.208
342,237.121.93.144
343,239.12.128.34
344,41.118.231.4
345,176.23.137.157
346,213.130.219.85
347,163.107.178.72
348,234.46.237.92
349,91.64.31.217
350,176.186.239.197
351,163.32.64.29
352,237.78.240.98
353,139.22.164.10
354,29.228.37.233
355,18.87.25.172
356,197.52.227.109
357,242.70.240.186
358,55.195.36.214
359,43.225.45.58
360,247.145.254.230
361,247.145.254.231
362,247.145.254.232
363,247.145.254.233
364,247.145.254.234
365,247.145.254.235
366,247.145.254.236
367,7.134.125.206
368,65.89.248.73
369,12.106.164.42
370,75.71.60.45
371,127.212.91.83
372,12.107.241.65
373,131.11.212.131
374,207.120.219.147
375,61.254.244.176
376,91.140.64.154
377,189.245.196.108
378,206.133.115.142
379,126.181.129.15
380,119.230.186.242
381,43.252.141.52
382,185.189.7.242
383,234.133.54.126
384,118.115.25.127
385,157.24.19.147
386,193.6.4.227
387,133.89.153.117
388,27.245.180.185
389,210.125.140.59
390,170.71.186.139
391,102.114.141.131
392,12.151.100.39
393,143.29.173.234
394,35.234.15.97
395,159.20.53.178
396,159.20.53.179
397,159.20.53.180
398,159.20.53.181
399,215.150.219.96
400,215.150.219.97
401,215.150.219.98
402,215.150.219.99
403,215.150.219.100
404,159.57.100.205
405,54.222.184.173
406,54.222.184.174
407,54.222.184.175
